15,quotes
70,LD aspect ratio
82,LD supplement
94,printed media reviews
27,salary history
50,LD release date
77,LD subtitles
46,LD length
80,LD number of sides
111,studios
55,LD video noise
33,where now
95,essays
8,countries
29,books
91,adaption
101,rating
102,production dates
51,LD production country
78,LD status of availablility
67,LD certification
4,languages
73,LD number of chapter stops
90,novel
89,screenplay-teleplay
40,LD disc format
39,death notes
109,rentals
66,LD analog left
19,mini biography
112,top 250 rank
107,gross
88,LD laserdisc title
75,LD disc size
84,LD sound encoding
37,magazine cover photo
110,admissions
48,LD review
103,copyright holder
2,color info
69,LD video quality
62,LD group genre
34,trade mark
106,weekend gross
36,article
47,LD language
100,votes
14,soundtrack
13,goofs
9,taglines
26,birth name
59,LD dynamic range
43,LD official retail price
41,LD year
31,biographical movies
10,keywords
42,LD digital sound
60,LD audio noise
99,votes distribution
96,other literature
23,death date
21,birth date
86,LD label
72,LD additional information
56,LD video artifacts
22,height
71,LD analog right
30,agent address
87,LD catalog number
5,certificates
3,genres
63,LD quality program
53,LD color rendition
57,LD release country
54,LD picture format
85,LD number
104,filming dates
20,birth notes
64,LD close captions-teletext-ld-g
83,LD original title
7,tech info
65,LD category
68,LD audio quality
35,interviews
24,spouse
92,book
18,locations
38,pictorial
44,LD frequency response
28,nick names
